timestamp,cadence,power,SmO2,Duration (sec),SmO2_accel,SmO2_jerk,M_bal
1900-01-01 07:30:05,14,92,38,0.0,0.0,0.0,44.6384
1900-01-01 07:30:06,29,61,37,1.0,-1.0,-1.0,42.96781
1900-01-01 07:30:07,38,47,32,2.0,-5.0,-4.0,37.29722
1900-01-01 07:30:08,43,14,27,3.0,-5.0,0.0,31.626630000000002
1900-01-01 07:30:09,48,42,27,4.0,0.0,5.0,30.95604
1900-01-01 07:30:10,54,53,28,5.0,1.0,1.0,31.001571937944234
1900-01-01 07:30:11,60,56,31,6.0,3.0,2.0,31.04695235543637
1900-01-01 07:30:12,35,82,32,7.0,1.0,-2.0,31.092181756703738
1900-01-01 07:30:13,38,113,29,8.0,-3.0,-4.0,27.421591756703737
1900-01-01 07:30:14,40,130,26,9.0,-3.0,0.0,23.751001756703737
1900-01-01 07:30:15,44,141,27,10.0,1.0,4.0,23.820510505240556
1900-01-01 07:30:16,47,146,30,11.0,3.0,2.0,23.889787943679924
1900-01-01 07:30:17,50,128,33,12.0,3.0,0.0,23.95883484177187
1900-01-01 07:30:18,52,96,33,13.0,0.0,-3.0,23.28824484177187
1900-01-01 07:30:19,53,97,30,14.0,-3.0,-3.0,19.61765484177187
1900-01-01 07:30:20,56,103,27,15.0,-3.0,0.0,15.94706484177187
1900-01-01 07:30:21,56,102,26,16.0,-1.0,2.0,14.276474841771869
1900-01-01 07:30:22,57,98,29,17.0,3.0,4.0,14.377512768867186
1900-01-01 07:30:23,58,104,32,18.0,3.0,0.0,14.478214463570831
1900-01-01 07:30:24,58,94,32,19.0,0.0,-3.0,13.80762446357083
1900-01-01 07:30:25,59,81,31,20.0,-1.0,-1.0,12.13703446357083
1900-01-01 07:30:26,58,94,30,21.0,-1.0,0.0,10.466444463570829
1900-01-01 07:30:27,58,99,30,22.0,0.0,1.0,9.795854463570828
1900-01-01 07:30:28,59,109,31,23.0,1.0,1.0,9.9118029272265
1900-01-01 07:30:29,59,116,35,24.0,4.0,3.0,10.027365539446315
1900-01-01 07:30:30,60,133,36,25.0,1.0,-3.0,10.142543584260487
1900-01-01 07:30:31,60,121,34,26.0,-2.0,-3.0,7.471953584260487
1900-01-01 07:30:32,62,116,32,27.0,-2.0,0.0,4.801363584260487
1900-01-01 07:30:33,63,143,30,28.0,-2.0,0.0,2.1307735842604876
1900-01-01 07:30:34,64,167,32,29.0,2.0,4.0,2.2722297810071077
1900-01-01 07:30:35,65,128,35,30.0,3.0,1.0,2.4132152420932065
1900-01-01 07:30:36,64,113,37,31.0,2.0,-1.0,2.5537315340253572
1900-01-01 07:30:37,65,123,34,32.0,-3.0,-5.0,0.0
1900-01-01 07:30:38,65,124,32,33.0,-2.0,1.0,0.0
1900-01-01 07:30:39,66,127,30,34.0,-2.0,0.0,0.0
1900-01-01 07:30:40,65,121,33,35.0,3.0,5.0,0.14854695087176825
1900-01-01 07:30:41,64,110,35,36.0,2.0,-1.0,0.2965995695852759
1900-01-01 07:30:42,66,128,36,37.0,1.0,-1.0,0.44415950117114295
1900-01-01 07:30:43,66,140,33,38.0,-3.0,-4.0,0.0
1900-01-01 07:30:44,67,160,31,39.0,-2.0,1.0,0.0
1900-01-01 07:30:45,68,162,31,40.0,0.0,2.0,0.0
1900-01-01 07:30:46,68,139,33,41.0,2.0,2.0,0.14854695087176825
1900-01-01 07:30:47,69,107,36,42.0,3.0,1.0,0.2965995695852759
1900-01-01 07:30:48,69,130,37,43.0,1.0,-2.0,0.44415950117114295
1900-01-01 07:30:49,69,137,34,44.0,-3.0,-4.0,0.0
1900-01-01 07:30:50,69,153,33,45.0,-1.0,2.0,0.0
1900-01-01 07:30:51,68,106,33,46.0,0.0,1.0,0.0
1900-01-01 07:30:52,67,226,35,47.0,2.0,2.0,0.14854695087176825
1900-01-01 07:30:53,68,212,38,48.0,3.0,1.0,0.2965995695852759
1900-01-01 07:30:54,66,148,36,49.0,-2.0,-5.0,0.0
1900-01-01 07:30:55,66,144,32,50.0,-4.0,-2.0,0.0
1900-01-01 07:30:56,66,176,29,51.0,-3.0,1.0,0.0
1900-01-01 07:30:57,67,174,31,52.0,2.0,5.0,0.14854695087176825
1900-01-01 07:30:58,67,154,34,53.0,3.0,1.0,0.2965995695852759
1900-01-01 07:30:59,68,160,37,54.0,3.0,0.0,0.44415950117114295
1900-01-01 07:31:00,68,146,36,55.0,-1.0,-4.0,0.0
1900-01-01 07:31:01,67,145,34,56.0,-2.0,-1.0,0.0
1900-01-01 07:31:02,68,159,31,57.0,-3.0,-1.0,0.0
1900-01-01 07:31:03,68,153,33,58.0,2.0,5.0,0.14854695087176825
1900-01-01 07:31:04,68,190,35,59.0,2.0,0.0,0.2965995695852759
1900-01-01 07:31:05,68,184,37,60.0,2.0,0.0,0.44415950117114295
1900-01-01 07:31:06,67,155,35,61.0,-2.0,-4.0,0.0
1900-01-01 07:31:07,69,164,32,62.0,-3.0,-1.0,0.0
1900-01-01 07:31:08,69,164,29,63.0,-3.0,0.0,0.0
1900-01-01 07:31:09,69,160,30,64.0,1.0,4.0,0.14854695087176825
1900-01-01 07:31:10,69,148,35,65.0,5.0,4.0,0.2965995695852759
1900-01-01 07:31:11,68,145,37,66.0,2.0,-3.0,0.44415950117114295
1900-01-01 07:31:12,69,170,37,67.0,0.0,-2.0,0.0
1900-01-01 07:31:13,69,155,35,68.0,-2.0,-2.0,0.0
1900-01-01 07:31:14,69,168,32,69.0,-3.0,-1.0,0.0
1900-01-01 07:31:15,69,189,32,70.0,0.0,3.0,0.0
1900-01-01 07:31:16,69,184,34,71.0,2.0,2.0,0.14854695087176825
1900-01-01 07:31:17,70,171,37,72.0,3.0,1.0,0.2965995695852759
1900-01-01 07:31:18,70,173,36,73.0,-1.0,-4.0,0.0
1900-01-01 07:31:19,70,171,32,74.0,-4.0,-3.0,0.0
1900-01-01 07:31:20,70,146,28,75.0,-4.0,0.0,0.0
1900-01-01 07:31:21,69,139,30,76.0,2.0,6.0,0.14854695087176825
1900-01-01 07:31:22,70,175,33,77.0,3.0,1.0,0.2965995695852759
1900-01-01 07:31:23,70,153,35,78.0,2.0,-1.0,0.44415950117114295
1900-01-01 07:31:24,70,171,34,79.0,-1.0,-3.0,0.0
1900-01-01 07:31:25,70,156,33,80.0,-1.0,0.0,0.0
1900-01-01 07:31:26,69,168,31,81.0,-2.0,-1.0,0.0
1900-01-01 07:31:27,70,179,34,82.0,3.0,5.0,0.14854695087176825
1900-01-01 07:31:28,70,169,37,83.0,3.0,0.0,0.2965995695852759
1900-01-01 07:31:29,70,164,37,84.0,0.0,-3.0,0.0
1900-01-01 07:31:30,70,179,35,85.0,-2.0,-2.0,0.0
1900-01-01 07:31:31,69,153,31,86.0,-4.0,-2.0,0.0
1900-01-01 07:31:32,70,162,29,87.0,-2.0,2.0,0.0
1900-01-01 07:31:33,70,167,32,88.0,3.0,5.0,0.14854695087176825
1900-01-01 07:31:34,70,178,36,89.0,4.0,1.0,0.2965995695852759
1900-01-01 07:31:35,70,153,37,90.0,1.0,-3.0,0.44415950117114295
1900-01-01 07:31:36,69,172,36,91.0,-1.0,-2.0,0.0
1900-01-01 07:31:37,70,174,34,92.0,-2.0,-1.0,0.0
1900-01-01 07:31:38,70,166,34,93.0,0.0,2.0,0.0
1900-01-01 07:31:39,70,179,37,94.0,3.0,3.0,0.14854695087176825
1900-01-01 07:31:40,70,178,39,95.0,2.0,-1.0,0.2965995695852759
1900-01-01 07:31:41,69,181,39,96.0,0.0,-2.0,0.0
1900-01-01 07:31:42,71,193,35,97.0,-4.0,-4.0,0.0
1900-01-01 07:31:43,71,143,33,98.0,-2.0,2.0,0.0
1900-01-01 07:31:44,71,160,32,99.0,-1.0,1.0,0.0
1900-01-01 07:31:45,71,158,34,100.0,2.0,3.0,0.14854695087176825
1900-01-01 07:31:46,69,155,37,101.0,3.0,1.0,0.2965995695852759
1900-01-01 07:31:47,70,149,39,102.0,2.0,-1.0,0.44415950117114295
1900-01-01 07:31:48,70,160,38,103.0,-1.0,-3.0,0.0
1900-01-01 07:31:49,70,165,36,104.0,-2.0,-1.0,0.0
1900-01-01 07:31:50,70,150,33,105.0,-3.0,-1.0,0.0
1900-01-01 07:31:51,69,168,36,106.0,3.0,6.0,0.14854695087176825
1900-01-01 07:31:52,70,164,38,107.0,2.0,-1.0,0.2965995695852759
1900-01-01 07:31:53,70,172,38,108.0,0.0,-2.0,0.0
1900-01-01 07:31:54,70,193,36,109.0,-2.0,-2.0,0.0
1900-01-01 07:31:55,70,175,35,110.0,-1.0,1.0,0.0
1900-01-01 07:31:56,69,174,33,111.0,-2.0,-1.0,0.0
1900-01-01 07:31:57,71,171,36,112.0,3.0,5.0,0.14854695087176825
1900-01-01 07:31:58,71,181,39,113.0,3.0,0.0,0.2965995695852759
1900-01-01 07:31:59,71,171,42,114.0,3.0,0.0,0.44415950117114295
1900-01-01 07:32:00,71,185,41,115.0,-1.0,-4.0,0.0
1900-01-01 07:32:01,70,169,38,116.0,-3.0,-2.0,0.0
1900-01-01 07:32:02,71,165,35,117.0,-3.0,0.0,0.0
1900-01-01 07:32:03,71,156,36,118.0,1.0,4.0,0.14854695087176825
1900-01-01 07:32:04,71,168,39,119.0,3.0,2.0,0.2965995695852759
1900-01-01 07:32:05,71,167,41,120.0,2.0,-1.0,0.44415950117114295
1900-01-01 07:32:06,70,161,40,121.0,-1.0,-3.0,0.0
1900-01-01 07:32:07,69,171,37,122.0,-3.0,-2.0,0.0
1900-01-01 07:32:08,70,177,35,123.0,-2.0,1.0,0.0
1900-01-01 07:32:09,70,149,35,124.0,0.0,2.0,0.0
1900-01-01 07:32:10,70,159,39,125.0,4.0,4.0,0.14854695087176825
1900-01-01 07:32:11,70,156,41,126.0,2.0,-2.0,0.2965995695852759
1900-01-01 07:32:12,69,149,41,127.0,0.0,-2.0,0.0
1900-01-01 07:32:13,70,150,37,128.0,-4.0,-4.0,0.0
1900-01-01 07:32:14,70,182,36,129.0,-1.0,3.0,0.0
1900-01-01 07:32:15,70,160,38,130.0,2.0,3.0,0.14854695087176825
1900-01-01 07:32:16,70,140,39,131.0,1.0,-1.0,0.2965995695852759
1900-01-01 07:32:17,68,192,40,132.0,1.0,0.0,0.44415950117114295
1900-01-01 07:32:18,70,172,37,133.0,-3.0,-4.0,0.0
1900-01-01 07:32:19,70,167,36,134.0,-1.0,2.0,0.0
1900-01-01 07:32:20,70,173,32,135.0,-4.0,-3.0,0.0
1900-01-01 07:32:21,70,172,35,136.0,3.0,7.0,0.14854695087176825
1900-01-01 07:32:22,69,163,39,137.0,4.0,1.0,0.2965995695852759
1900-01-01 07:32:23,70,167,39,138.0,0.0,-4.0,0.0
1900-01-01 07:32:24,70,179,37,139.0,-2.0,-2.0,0.0
1900-01-01 07:32:25,70,199,35,140.0,-2.0,0.0,0.0
1900-01-01 07:32:26,71,177,33,141.0,-2.0,0.0,0.0
1900-01-01 07:32:27,70,161,35,142.0,2.0,4.0,0.14854695087176825
1900-01-01 07:32:28,71,175,39,143.0,4.0,2.0,0.2965995695852759
1900-01-01 07:32:29,71,170,41,144.0,2.0,-2.0,0.44415950117114295
1900-01-01 07:32:30,71,169,39,145.0,-2.0,-4.0,0.0
1900-01-01 07:32:31,71,156,38,146.0,-1.0,1.0,0.0
1900-01-01 07:32:32,70,176,36,147.0,-2.0,-1.0,0.0
1900-01-01 07:32:33,70,168,38,148.0,2.0,4.0,0.14854695087176825
1900-01-01 07:32:34,70,157,41,149.0,3.0,1.0,0.2965995695852759
1900-01-01 07:32:35,70,169,41,150.0,0.0,-3.0,0.0
1900-01-01 07:32:36,70,164,39,151.0,-2.0,-2.0,0.0
1900-01-01 07:32:37,69,166,38,152.0,-1.0,1.0,0.0
1900-01-01 07:32:38,70,168,35,153.0,-3.0,-2.0,0.0
1900-01-01 07:32:39,71,175,38,154.0,3.0,6.0,0.14854695087176825
1900-01-01 07:32:40,71,164,41,155.0,3.0,0.0,0.2965995695852759
1900-01-01 07:32:41,71,164,44,156.0,3.0,0.0,0.44415950117114295
1900-01-01 07:32:42,69,163,43,157.0,-1.0,-4.0,0.0
1900-01-01 07:32:43,70,154,41,158.0,-2.0,-1.0,0.0
1900-01-01 07:32:44,70,158,39,159.0,-2.0,0.0,0.0
1900-01-01 07:32:45,70,165,39,160.0,0.0,2.0,0.0
1900-01-01 07:32:46,70,163,41,161.0,2.0,2.0,0.14854695087176825
1900-01-01 07:32:47,69,162,41,162.0,0.0,-2.0,0.0
1900-01-01 07:32:48,70,173,41,163.0,0.0,0.0,0.0
1900-01-01 07:32:49,70,198,39,164.0,-2.0,-2.0,0.0
1900-01-01 07:32:50,70,172,38,165.0,-1.0,1.0,0.0
1900-01-01 07:32:51,70,166,36,166.0,-2.0,-1.0,0.0
1900-01-01 07:32:52,69,165,39,167.0,3.0,5.0,0.14854695087176825
1900-01-01 07:32:53,70,179,41,168.0,2.0,-1.0,0.2965995695852759
1900-01-01 07:32:54,70,168,43,169.0,2.0,0.0,0.44415950117114295
1900-01-01 07:32:55,71,167,42,170.0,-1.0,-3.0,0.0
1900-01-01 07:32:56,71,153,40,171.0,-2.0,-1.0,0.0
1900-01-01 07:32:57,69,165,39,172.0,-1.0,1.0,0.0
1900-01-01 07:32:58,70,162,37,173.0,-2.0,-1.0,0.0
1900-01-01 07:32:59,70,157,39,174.0,2.0,4.0,0.14854695087176825
1900-01-01 07:33:00,70,184,42,175.0,3.0,1.0,0.2965995695852759
1900-01-01 07:33:01,70,170,44,176.0,2.0,-1.0,0.44415950117114295
1900-01-01 07:33:02,69,159,44,177.0,0.0,-2.0,0.0
1900-01-01 07:33:03,70,162,40,178.0,-4.0,-4.0,0.0
1900-01-01 07:33:04,70,156,39,179.0,-1.0,3.0,0.0
1900-01-01 07:33:05,70,149,38,180.0,-1.0,0.0,0.0
1900-01-01 07:33:06,70,165,39,181.0,1.0,2.0,0.14854695087176825
1900-01-01 07:33:07,69,162,42,182.0,3.0,2.0,0.2965995695852759
1900-01-01 07:33:08,69,168,44,183.0,2.0,-1.0,0.44415950117114295
1900-01-01 07:33:09,70,165,45,184.0,1.0,-1.0,0.5912283851856829
1900-01-01 07:33:10,70,169,43,185.0,-2.0,-3.0,0.0
1900-01-01 07:33:11,70,163,41,186.0,-2.0,0.0,0.0
1900-01-01 07:33:12,69,154,39,187.0,-2.0,0.0,0.0
1900-01-01 07:33:13,70,154,40,188.0,1.0,3.0,0.14854695087176825
1900-01-01 07:33:14,70,169,41,189.0,1.0,0.0,0.2965995695852759
1900-01-01 07:33:15,70,181,40,190.0,-1.0,-2.0,0.0
1900-01-01 07:33:16,70,163,38,191.0,-2.0,-1.0,0.0
1900-01-01 07:33:17,70,173,37,192.0,-1.0,1.0,0.0
1900-01-01 07:33:18,69,177,38,193.0,1.0,2.0,0.14854695087176825
1900-01-01 07:33:19,70,171,40,194.0,2.0,1.0,0.2965995695852759
1900-01-01 07:33:20,70,171,44,195.0,4.0,2.0,0.44415950117114295
1900-01-01 07:33:21,70,177,45,196.0,1.0,-3.0,0.5912283851856829
1900-01-01 07:33:22,71,173,44,197.0,-1.0,-2.0,0.0
1900-01-01 07:33:23,70,171,40,198.0,-4.0,-3.0,0.0
1900-01-01 07:33:24,71,173,39,199.0,-1.0,3.0,0.0
1900-01-01 07:33:25,71,173,43,200.0,4.0,5.0,0.14854695087176825
1900-01-01 07:33:26,71,171,39,201.0,-4.0,-8.0,0.0
1900-01-01 07:33:27,71,167,41,202.0,2.0,6.0,0.14854695087176825
1900-01-01 07:33:28,70,150,42,203.0,1.0,-1.0,0.2965995695852759
1900-01-01 07:33:29,70,138,40,204.0,-2.0,-3.0,0.0
1900-01-01 07:33:30,70,176,38,205.0,-2.0,0.0,0.0
1900-01-01 07:33:31,70,141,37,206.0,-1.0,1.0,0.0
1900-01-01 07:33:32,70,153,36,207.0,-1.0,0.0,0.0
1900-01-01 07:33:33,69,194,40,208.0,4.0,5.0,0.14854695087176825
1900-01-01 07:33:34,70,184,44,209.0,4.0,0.0,0.2965995695852759
1900-01-01 07:33:35,71,163,44,210.0,0.0,-4.0,0.0
1900-01-01 07:33:36,71,161,42,211.0,-2.0,-2.0,0.0
1900-01-01 07:33:37,70,152,39,212.0,-3.0,-1.0,0.0
1900-01-01 07:33:38,69,167,37,213.0,-2.0,1.0,0.0
1900-01-01 07:33:39,70,164,38,214.0,1.0,3.0,0.14854695087176825
1900-01-01 07:33:40,70,169,40,215.0,2.0,1.0,0.2965995695852759
1900-01-01 07:33:41,70,181,43,216.0,3.0,1.0,0.44415950117114295
1900-01-01 07:33:42,70,177,45,217.0,2.0,-1.0,0.5912283851856829
1900-01-01 07:33:43,69,158,43,218.0,-2.0,-4.0,0.0
1900-01-01 07:33:44,70,162,40,219.0,-3.0,-1.0,0.0
1900-01-01 07:33:45,70,162,39,220.0,-1.0,2.0,0.0
1900-01-01 07:33:46,70,159,40,221.0,1.0,2.0,0.14854695087176825
1900-01-01 07:33:47,70,152,43,222.0,3.0,2.0,0.2965995695852759
1900-01-01 07:33:48,69,175,46,223.0,3.0,0.0,0.44415950117114295
1900-01-01 07:33:49,70,175,47,224.0,1.0,-2.0,0.5912283851856829
1900-01-01 07:33:50,70,169,44,225.0,-3.0,-4.0,0.0
1900-01-01 07:33:51,70,158,42,226.0,-2.0,1.0,0.0
1900-01-01 07:33:52,70,158,41,227.0,-1.0,1.0,0.0
1900-01-01 07:33:53,69,154,41,228.0,0.0,1.0,0.0
1900-01-01 07:33:54,69,143,42,229.0,1.0,1.0,0.14854695087176825
1900-01-01 07:33:55,69,168,43,230.0,1.0,0.0,0.2965995695852759
1900-01-01 07:33:56,69,170,42,231.0,-1.0,-2.0,0.0
1900-01-01 07:33:57,69,169,41,232.0,-1.0,0.0,0.0
1900-01-01 07:33:58,68,134,40,233.0,-1.0,0.0,0.0
1900-01-01 07:33:59,69,160,40,234.0,0.0,1.0,0.0
1900-01-01 07:34:00,69,158,41,235.0,1.0,1.0,0.14854695087176825
1900-01-01 07:34:01,69,158,45,236.0,4.0,3.0,0.2965995695852759
1900-01-01 07:34:02,69,166,46,237.0,1.0,-3.0,0.44415950117114295
1900-01-01 07:34:03,68,182,46,238.0,0.0,-1.0,0.0
1900-01-01 07:34:04,69,174,48,239.0,2.0,2.0,0.14854695087176825
1900-01-01 07:34:05,69,168,50,240.0,2.0,0.0,0.2965995695852759
1900-01-01 07:34:06,69,160,52,241.0,2.0,0.0,0.44415950117114295
1900-01-01 07:34:07,69,166,53,242.0,1.0,-1.0,0.5912283851856829
1900-01-01 07:34:08,68,171,53,243.0,0.0,-1.0,0.0
1900-01-01 07:34:09,69,151,52,244.0,-1.0,-1.0,0.0
1900-01-01 07:34:10,69,144,52,245.0,0.0,1.0,0.0
1900-01-01 07:34:11,69,164,53,246.0,1.0,1.0,0.14854695087176825
1900-01-01 07:34:12,69,153,57,247.0,4.0,3.0,0.2965995695852759
1900-01-01 07:34:13,68,155,59,248.0,2.0,-2.0,0.44415950117114295
1900-01-01 07:34:14,69,177,58,249.0,-1.0,-3.0,0.0
1900-01-01 07:34:15,69,186,57,250.0,-1.0,0.0,0.0
1900-01-01 07:34:16,69,155,56,251.0,-1.0,0.0,0.0
1900-01-01 07:34:17,69,168,56,252.0,0.0,1.0,0.0
1900-01-01 07:34:18,68,176,57,253.0,1.0,1.0,0.14854695087176825
1900-01-01 07:34:19,69,169,56,254.0,-1.0,-2.0,0.0
1900-01-01 07:34:20,70,172,56,255.0,0.0,1.0,0.0
1900-01-01 07:34:21,70,165,59,256.0,3.0,3.0,0.14854695087176825
1900-01-01 07:34:22,70,168,59,257.0,0.0,-3.0,0.0
1900-01-01 07:34:23,69,159,60,258.0,1.0,1.0,0.14854695087176825
1900-01-01 07:34:24,70,151,62,259.0,2.0,1.0,0.2965995695852759
1900-01-01 07:34:25,69,151,63,260.0,1.0,-1.0,0.44415950117114295
1900-01-01 07:34:26,69,158,63,261.0,0.0,-1.0,0.0
1900-01-01 07:34:27,69,160,62,262.0,-1.0,-1.0,0.0
1900-01-01 07:34:28,68,161,61,263.0,-1.0,0.0,0.0
1900-01-01 07:34:29,69,166,61,264.0,0.0,1.0,0.0
1900-01-01 07:34:30,69,163,60,265.0,-1.0,-1.0,0.0
1900-01-01 07:34:31,69,164,62,266.0,2.0,3.0,0.14854695087176825
1900-01-01 07:34:32,69,161,61,267.0,-1.0,-3.0,0.0
1900-01-01 07:34:33,68,171,62,268.0,1.0,2.0,0.14854695087176825
1900-01-01 07:34:34,69,172,61,269.0,-1.0,-2.0,0.0
1900-01-01 07:34:35,69,162,62,270.0,1.0,2.0,0.14854695087176825
1900-01-01 07:34:36,69,176,61,271.0,-1.0,-2.0,0.0
1900-01-01 07:34:37,69,162,61,272.0,0.0,1.0,0.0
1900-01-01 07:34:38,68,172,62,273.0,1.0,1.0,0.14854695087176825
1900-01-01 07:34:39,69,150,63,274.0,1.0,0.0,0.2965995695852759
1900-01-01 07:34:40,69,151,66,275.0,3.0,2.0,0.44415950117114295
1900-01-01 07:34:41,69,145,68,276.0,2.0,-1.0,0.5912283851856829
1900-01-01 07:34:42,69,167,68,277.0,0.0,-2.0,0.0
1900-01-01 07:34:43,68,164,69,278.0,1.0,1.0,0.14854695087176825
1900-01-01 07:34:44,69,168,71,279.0,2.0,1.0,0.2965995695852759
1900-01-01 07:34:45,69,164,70,280.0,-1.0,-3.0,0.0
1900-01-01 07:34:46,69,161,70,281.0,0.0,1.0,0.0
1900-01-01 07:34:47,69,174,70,282.0,0.0,0.0,0.0
1900-01-01 07:34:48,69,189,71,283.0,1.0,1.0,0.14854695087176825
1900-01-01 07:34:49,69,153,70,284.0,-1.0,-2.0,0.0
1900-01-01 07:34:50,69,161,70,285.0,0.0,1.0,0.0
1900-01-01 07:34:51,69,161,71,286.0,1.0,1.0,0.14854695087176825
1900-01-01 07:34:52,69,166,71,287.0,0.0,-1.0,0.0
1900-01-01 07:34:53,69,154,70,288.0,-1.0,-1.0,0.0
1900-01-01 07:34:54,70,160,70,289.0,0.0,1.0,0.0
1900-01-01 07:34:55,69,150,72,290.0,2.0,2.0,0.14854695087176825
1900-01-01 07:34:56,69,177,70,291.0,-2.0,-4.0,0.0
1900-01-01 07:34:57,69,169,70,292.0,0.0,2.0,0.0
1900-01-01 07:34:58,68,174,73,293.0,3.0,3.0,0.14854695087176825
1900-01-01 07:34:59,69,170,72,294.0,-1.0,-4.0,0.0
1900-01-01 07:35:00,69,179,71,295.0,-1.0,0.0,0.0
1900-01-01 07:35:01,70,175,73,296.0,2.0,3.0,0.14854695087176825
1900-01-01 07:35:02,70,153,73,297.0,0.0,-2.0,0.0
1900-01-01 07:35:03,69,169,70,298.0,-3.0,-3.0,0.0
1900-01-01 07:35:04,69,157,74,299.0,4.0,7.0,0.14854695087176825
1900-01-01 07:35:05,69,145,73,300.0,-1.0,-5.0,0.0
1900-01-01 07:35:06,69,178,70,301.0,-3.0,-2.0,0.0
1900-01-01 07:35:07,69,108,74,302.0,4.0,7.0,0.14854695087176825
1900-01-01 07:35:08,67,62,72,303.0,-2.0,-6.0,0.0
1900-01-01 07:35:09,66,85,71,304.0,-1.0,1.0,0.0
1900-01-01 07:35:10,65,68,73,305.0,2.0,3.0,0.14854695087176825
1900-01-01 07:35:11,63,41,72,306.0,-1.0,-3.0,0.0
1900-01-01 07:35:12,61,49,71,307.0,-1.0,0.0,0.0
1900-01-01 07:35:13,59,65,73,308.0,2.0,3.0,0.14854695087176825
1900-01-01 07:35:14,59,33,71,309.0,-2.0,-4.0,0.0
1900-01-01 07:35:15,59,35,72,310.0,1.0,3.0,0.14854695087176825
1900-01-01 07:35:16,65,17,73,311.0,1.0,0.0,0.2965995695852759
1900-01-01 07:35:17,65,11,71,312.0,-2.0,-3.0,0.0
1900-01-01 07:35:18,51,30,72,313.0,1.0,3.0,0.14854695087176825
1900-01-01 07:35:19,49,25,73,314.0,1.0,0.0,0.2965995695852759
1900-01-01 07:35:20,48,20,71,315.0,-2.0,-3.0,0.0
1900-01-01 07:35:21,48,11,72,316.0,1.0,3.0,0.14854695087176825
1900-01-01 07:35:22,45,28,73,317.0,1.0,0.0,0.2965995695852759
1900-01-01 07:35:23,44,43,72,318.0,-1.0,-2.0,0.0
1900-01-01 07:35:24,43,37,72,319.0,0.0,1.0,0.0
1900-01-01 07:35:25,43,41,73,320.0,1.0,1.0,0.14854695087176825
1900-01-01 07:35:26,43,41,72,321.0,-1.0,-2.0,0.0
1900-01-01 07:35:27,42,34,72,322.0,0.0,1.0,0.0
1900-01-01 07:35:28,41,32,73,323.0,1.0,1.0,0.14854695087176825
1900-01-01 07:35:29,40,41,72,324.0,-1.0,-2.0,0.0
1900-01-01 07:35:30,40,48,72,325.0,0.0,1.0,0.0
1900-01-01 07:35:31,38,49,73,326.0,1.0,1.0,0.14854695087176825
1900-01-01 07:35:32,39,36,72,327.0,-1.0,-2.0,0.0
1900-01-01 07:35:33,38,27,73,328.0,1.0,2.0,0.14854695087176825
1900-01-01 07:35:34,38,26,73,329.0,0.0,-1.0,0.0
1900-01-01 07:35:35,37,31,73,330.0,0.0,0.0,0.0
1900-01-01 07:35:36,36,27,73,331.0,0.0,0.0,0.0
1900-01-01 07:35:37,35,25,74,332.0,1.0,1.0,0.14854695087176825
1900-01-01 07:35:38,34,27,73,333.0,-1.0,-2.0,0.0
1900-01-01 07:35:39,33,30,74,334.0,1.0,2.0,0.14854695087176825
1900-01-01 07:35:40,33,33,73,335.0,-1.0,-2.0,0.0
1900-01-01 07:35:41,32,29,74,336.0,1.0,2.0,0.14854695087176825
1900-01-01 07:35:42,32,77,73,337.0,-1.0,-2.0,0.0
1900-01-01 07:35:43,33,82,74,338.0,1.0,2.0,0.14854695087176825
1900-01-01 07:35:44,33,63,74,339.0,0.0,-1.0,0.0
1900-01-01 07:35:45,34,42,73,340.0,-1.0,-1.0,0.0
1900-01-01 07:35:46,34,32,74,341.0,1.0,2.0,0.14854695087176825
1900-01-01 07:35:47,34,22,74,342.0,0.0,-1.0,0.0
1900-01-01 07:35:48,34,3,74,343.0,0.0,0.0,0.0
1900-01-01 07:35:49,0,3,74,344.0,0.0,0.0,0.0
1900-01-01 07:35:50,0,0,74,345.0,0.0,0.0,0.0
1900-01-01 07:35:51,0,0,74,346.0,0.0,0.0,0.0
1900-01-01 07:35:52,0,0,74,347.0,0.0,0.0,0.0
1900-01-01 07:35:53,0,0,75,348.0,1.0,1.0,0.14854695087176825
1900-01-01 07:35:54,0,0,75,349.0,0.0,-1.0,0.0
1900-01-01 07:35:55,0,1,75,350.0,0.0,0.0,0.0
1900-01-01 07:35:56,0,5,76,351.0,1.0,1.0,0.14854695087176825
1900-01-01 07:35:57,45,6,76,352.0,0.0,-1.0,0.0
1900-01-01 07:35:58,45,5,76,353.0,0.0,0.0,0.0
1900-01-01 07:35:59,45,4,76,354.0,0.0,0.0,0.0
1900-01-01 07:36:00,0,0,75,355.0,-1.0,-1.0,0.0
1900-01-01 07:36:01,0,0,76,356.0,1.0,2.0,0.14854695087176825
1900-01-01 07:36:02,0,0,76,357.0,0.0,-1.0,0.0
1900-01-01 07:36:03,0,0,76,358.0,0.0,0.0,0.0
1900-01-01 07:36:04,0,0,75,359.0,-1.0,-1.0,0.0
1900-01-01 07:36:05,0,0,77,360.0,2.0,3.0,0.14854695087176825
1900-01-01 07:36:06,0,0,76,361.0,-1.0,-3.0,0.0
1900-01-01 07:36:07,0,0,76,362.0,0.0,1.0,0.0
1900-01-01 07:36:53,44,18,76,408.0,0.0,0.0,0.0
1900-01-01 07:36:54,44,18,76,409.0,0.0,0.0,0.0
1900-01-01 07:36:55,43,19,76,410.0,0.0,0.0,0.0
1900-01-01 07:36:56,43,21,76,411.0,0.0,0.0,0.0
1900-01-01 07:36:57,43,18,76,412.0,0.0,0.0,0.0
1900-01-01 07:36:58,43,18,77,413.0,1.0,1.0,0.14854695087176825
1900-01-01 07:36:59,42,19,77,414.0,0.0,-1.0,0.0
1900-01-01 07:37:00,42,21,77,415.0,0.0,0.0,0.0
1900-01-01 07:37:01,44,16,76,416.0,-1.0,-1.0,0.0
1900-01-01 07:37:02,44,9,77,417.0,1.0,2.0,0.14854695087176825
1900-01-01 07:37:03,44,9,77,418.0,0.0,-1.0,0.0
1900-01-01 07:37:04,44,15,77,419.0,0.0,0.0,0.0
1900-01-01 07:37:05,43,15,77,420.0,0.0,0.0,0.0
1900-01-01 07:37:06,43,10,77,421.0,0.0,0.0,0.0
1900-01-01 07:37:07,43,10,76,422.0,-1.0,-1.0,0.0
1900-01-01 07:37:08,0,5,77,423.0,1.0,2.0,0.14854695087176825
1900-01-01 07:37:09,37,11,76,424.0,-1.0,-2.0,0.0
1900-01-01 07:37:10,38,10,77,425.0,1.0,2.0,0.14854695087176825
1900-01-01 07:37:11,44,15,76,426.0,-1.0,-2.0,0.0
1900-01-01 07:37:12,43,19,76,427.0,0.0,1.0,0.0
1900-01-01 07:37:13,45,19,77,428.0,1.0,1.0,0.14854695087176825
1900-01-01 07:37:14,44,20,77,429.0,0.0,-1.0,0.0
1900-01-01 07:37:15,44,16,78,430.0,1.0,1.0,0.14854695087176825
1900-01-01 07:37:16,44,16,78,431.0,0.0,-1.0,0.0
1900-01-01 07:37:17,45,14,78,432.0,0.0,0.0,0.0
1900-01-01 07:37:18,45,10,78,433.0,0.0,0.0,0.0
1900-01-01 07:37:19,45,4,78,434.0,0.0,0.0,0.0
1900-01-01 07:37:20,45,0,79,435.0,1.0,1.0,0.14854695087176825
1900-01-01 07:37:21,0,0,79,436.0,0.0,-1.0,0.0
1900-01-01 07:37:22,0,0,79,437.0,0.0,0.0,0.0
1900-01-01 07:37:23,0,0,79,438.0,0.0,0.0,0.0
1900-01-01 07:37:42,47,21,80,457.0,0.05263157894736842,0.002770083102493075,0.0
1900-01-01 07:37:43,47,21,79,458.0,-1.0,-1.0526315789473684,0.0
1900-01-01 07:37:44,47,22,79,459.0,0.0,1.0,0.0
1900-01-01 07:37:45,47,21,79,460.0,0.0,0.0,0.0
1900-01-01 07:37:46,47,23,79,461.0,0.0,0.0,0.0
1900-01-01 07:37:47,46,24,80,462.0,1.0,1.0,0.14854695087176825
1900-01-01 07:37:48,48,25,79,463.0,-1.0,-2.0,0.0
1900-01-01 07:37:49,48,25,79,464.0,0.0,1.0,0.0
1900-01-01 07:37:50,48,26,79,465.0,0.0,0.0,0.0
1900-01-01 07:37:51,48,25,80,466.0,1.0,1.0,0.14854695087176825
1900-01-01 07:37:52,47,24,79,467.0,-1.0,-2.0,0.0
1900-01-01 07:37:53,48,24,80,468.0,1.0,2.0,0.14854695087176825
1900-01-01 07:37:54,48,19,79,469.0,-1.0,-2.0,0.0
1900-01-01 07:37:55,48,12,79,470.0,0.0,1.0,0.0
1900-01-01 07:37:56,48,11,80,471.0,1.0,1.0,0.14854695087176825
1900-01-01 07:37:57,47,12,80,472.0,0.0,-1.0,0.0
1900-01-01 07:37:58,47,11,79,473.0,-1.0,-1.0,0.0
1900-01-01 07:37:59,48,17,79,474.0,0.0,1.0,0.0
1900-01-01 07:38:00,48,17,79,475.0,0.0,0.0,0.0
1900-01-01 07:38:01,48,18,79,476.0,0.0,0.0,0.0
1900-01-01 07:38:02,49,10,80,477.0,1.0,1.0,0.14854695087176825
1900-01-01 07:38:03,49,14,79,478.0,-1.0,-2.0,0.0
1900-01-01 07:38:04,49,14,80,479.0,1.0,2.0,0.14854695087176825
1900-01-01 07:38:05,49,12,80,480.0,0.0,-1.0,0.0
1900-01-01 07:38:06,49,20,79,481.0,-1.0,-1.0,0.0
1900-01-01 07:38:07,49,25,80,482.0,1.0,2.0,0.14854695087176825
1900-01-01 07:38:08,49,26,79,483.0,-1.0,-2.0,0.0
1900-01-01 07:38:09,49,17,80,484.0,1.0,2.0,0.14854695087176825
1900-01-01 07:38:10,49,13,80,485.0,0.0,-1.0,0.0
1900-01-01 07:38:11,49,12,80,486.0,0.0,0.0,0.0
1900-01-01 07:38:12,48,17,80,487.0,0.0,0.0,0.0
1900-01-01 07:38:13,48,28,79,488.0,-1.0,-1.0,0.0
1900-01-01 07:38:14,49,31,80,489.0,1.0,2.0,0.14854695087176825
1900-01-01 07:38:15,49,25,81,490.0,1.0,0.0,0.2965995695852759
1900-01-01 07:38:16,49,21,81,491.0,0.0,-1.0,0.0
1900-01-01 07:38:17,50,19,81,492.0,0.0,0.0,0.0
1900-01-01 07:38:18,50,24,81,493.0,0.0,0.0,0.0
1900-01-01 07:38:19,50,23,81,494.0,0.0,0.0,0.0
1900-01-01 07:38:20,49,26,81,495.0,0.0,0.0,0.0
1900-01-01 07:38:21,49,21,82,496.0,1.0,1.0,0.14854695087176825
1900-01-01 07:38:22,49,16,81,497.0,-1.0,-2.0,0.0
1900-01-01 07:38:23,49,10,81,498.0,0.0,1.0,0.0
1900-01-01 07:38:24,49,9,81,499.0,0.0,0.0,0.0
1900-01-01 07:38:25,49,12,81,500.0,0.0,0.0,0.0
1900-01-01 07:38:26,54,13,82,501.0,1.0,1.0,0.14854695087176825
1900-01-01 07:38:27,54,13,83,502.0,1.0,0.0,0.2965995695852759
1900-01-01 07:38:28,0,6,83,503.0,0.0,-1.0,0.0
1900-01-01 07:38:29,50,12,82,504.0,-1.0,-1.0,0.0
1900-01-01 07:38:30,50,18,82,505.0,0.0,1.0,0.0
1900-01-01 07:38:31,49,24,81,506.0,-1.0,-1.0,0.0
1900-01-01 07:38:32,50,23,82,507.0,1.0,2.0,0.14854695087176825
1900-01-01 07:38:33,49,17,83,508.0,1.0,0.0,0.2965995695852759
1900-01-01 07:38:34,49,15,83,509.0,0.0,-1.0,0.0
1900-01-01 07:38:35,49,8,82,510.0,-1.0,-1.0,0.0
1900-01-01 07:38:36,0,9,81,511.0,-1.0,0.0,0.0
1900-01-01 07:38:37,0,2,81,512.0,0.0,1.0,0.0
1900-01-01 07:38:38,0,3,82,513.0,1.0,1.0,0.14854695087176825
1900-01-01 07:38:39,0,3,83,514.0,1.0,0.0,0.2965995695852759
1900-01-01 07:38:40,0,7,83,515.0,0.0,-1.0,0.0
1900-01-01 07:38:41,50,6,82,516.0,-1.0,-1.0,0.0
1900-01-01 07:38:42,50,10,82,517.0,0.0,1.0,0.0
1900-01-01 07:38:43,50,11,82,518.0,0.0,0.0,0.0
1900-01-01 07:38:44,50,6,82,519.0,0.0,0.0,0.0
1900-01-01 07:38:45,50,4,83,520.0,1.0,1.0,0.14854695087176825
1900-01-01 07:38:46,50,2,83,521.0,0.0,-1.0,0.0
1900-01-01 07:38:47,0,7,82,522.0,-1.0,-1.0,0.0
1900-01-01 07:38:48,10,10,81,523.0,-1.0,0.0,0.0
1900-01-01 07:38:50,49,21,82,525.0,0.5,0.75,0.0
1900-01-01 07:38:51,49,21,82,526.0,0.0,-0.5,0.0
1900-01-01 07:38:52,49,22,82,527.0,0.0,0.0,0.0
1900-01-01 07:38:53,49,23,82,528.0,0.0,0.0,0.0
1900-01-01 07:38:54,49,18,82,529.0,0.0,0.0,0.0
1900-01-01 07:38:55,49,16,82,530.0,0.0,0.0,0.0
1900-01-01 07:38:56,30,17,81,531.0,-1.0,-1.0,0.0
1900-01-01 07:38:57,51,24,82,532.0,1.0,2.0,0.14854695087176825
1900-01-01 07:38:58,52,26,82,533.0,0.0,-1.0,0.0
1900-01-01 07:38:59,51,27,83,534.0,1.0,1.0,0.14854695087176825
1900-01-01 07:39:00,52,27,82,535.0,-1.0,-2.0,0.0
1900-01-01 07:39:01,52,20,83,536.0,1.0,2.0,0.14854695087176825
1900-01-01 07:39:02,52,19,82,537.0,-1.0,-2.0,0.0
1900-01-01 07:39:03,52,19,82,538.0,0.0,1.0,0.0
1900-01-01 07:39:04,52,23,82,539.0,0.0,0.0,0.0
1900-01-01 07:39:05,52,22,82,540.0,0.0,0.0,0.0
1900-01-01 07:39:06,51,25,83,541.0,1.0,1.0,0.14854695087176825
1900-01-01 07:39:07,51,30,82,542.0,-1.0,-2.0,0.0
1900-01-01 07:39:08,51,32,82,543.0,0.0,1.0,0.0
1900-01-01 07:39:09,51,28,82,544.0,0.0,0.0,0.0
1900-01-01 07:39:10,50,27,82,545.0,0.0,0.0,0.0
1900-01-01 07:39:11,50,26,82,546.0,0.0,0.0,0.0
1900-01-01 07:39:12,50,30,83,547.0,1.0,1.0,0.14854695087176825
1900-01-01 07:39:13,51,28,83,548.0,0.0,-1.0,0.0
1900-01-01 07:39:14,51,28,82,549.0,-1.0,-1.0,0.0
1900-01-01 07:39:15,51,23,82,550.0,0.0,1.0,0.0
1900-01-01 07:39:16,51,24,82,551.0,0.0,0.0,0.0
1900-01-01 07:39:17,50,25,81,552.0,-1.0,-1.0,0.0
1900-01-01 07:39:18,51,25,82,553.0,1.0,2.0,0.14854695087176825
1900-01-01 07:39:19,50,26,82,554.0,0.0,-1.0,0.0
1900-01-01 07:39:20,51,27,82,555.0,0.0,0.0,0.0
1900-01-01 07:39:21,51,27,81,556.0,-1.0,-1.0,0.0
1900-01-01 07:39:22,51,28,82,557.0,1.0,2.0,0.14854695087176825
1900-01-01 07:39:23,52,28,81,558.0,-1.0,-2.0,0.0
1900-01-01 07:39:24,52,28,81,559.0,0.0,1.0,0.0
1900-01-01 07:39:25,52,28,82,560.0,1.0,1.0,0.14854695087176825
1900-01-01 07:39:26,52,28,82,561.0,0.0,-1.0,0.0
1900-01-01 07:39:27,52,20,82,562.0,0.0,0.0,0.0
1900-01-01 07:39:28,52,16,82,563.0,0.0,0.0,0.0
1900-01-01 07:39:29,51,18,82,564.0,0.0,0.0,0.0
1900-01-01 07:39:30,52,23,81,565.0,-1.0,-1.0,0.0
1900-01-01 07:39:31,53,29,81,566.0,0.0,1.0,0.0
1900-01-01 07:39:32,52,31,81,567.0,0.0,0.0,0.0
1900-01-01 07:39:33,52,24,81,568.0,0.0,0.0,0.0
1900-01-01 07:39:34,52,20,81,569.0,0.0,0.0,0.0
1900-01-01 07:39:35,61,12,82,570.0,1.0,1.0,0.14854695087176825
1900-01-01 07:39:36,0,9,82,571.0,0.0,-1.0,0.0
1900-01-01 07:39:37,53,8,82,572.0,0.0,0.0,0.0
1900-01-01 07:39:38,53,9,81,573.0,-1.0,-1.0,0.0
1900-01-01 07:39:39,53,14,80,574.0,-1.0,0.0,0.0
1900-01-01 07:39:40,53,15,80,575.0,0.0,1.0,0.0
1900-01-01 07:39:41,51,20,81,576.0,1.0,1.0,0.14854695087176825
1900-01-01 07:39:42,51,23,81,577.0,0.0,-1.0,0.0
1900-01-01 07:39:43,51,23,81,578.0,0.0,0.0,0.0
1900-01-01 07:39:44,51,25,80,579.0,-1.0,-1.0,0.0
1900-01-01 07:39:45,51,26,80,580.0,0.0,1.0,0.0
1900-01-01 07:39:46,50,25,79,581.0,-1.0,-1.0,0.0
1900-01-01 07:39:47,50,29,80,582.0,1.0,2.0,0.14854695087176825
1900-01-01 07:39:48,51,31,81,583.0,1.0,0.0,0.2965995695852759
1900-01-01 07:39:49,51,29,81,584.0,0.0,-1.0,0.0
1900-01-01 07:39:50,51,27,81,585.0,0.0,0.0,0.0
1900-01-01 07:39:51,50,26,80,586.0,-1.0,-1.0,0.0
1900-01-01 07:39:52,51,28,79,587.0,-1.0,0.0,0.0
1900-01-01 07:39:53,51,24,80,588.0,1.0,2.0,0.14854695087176825
1900-01-01 07:39:54,51,22,80,589.0,0.0,-1.0,0.0
1900-01-01 07:39:55,50,25,81,590.0,1.0,1.0,0.14854695087176825
1900-01-01 07:39:56,50,26,80,591.0,-1.0,-2.0,0.0
1900-01-01 07:39:57,49,25,79,592.0,-1.0,0.0,0.0
1900-01-01 07:39:58,49,25,79,593.0,0.0,1.0,0.0
1900-01-01 07:39:59,49,24,80,594.0,1.0,1.0,0.14854695087176825
1900-01-01 07:40:00,49,25,81,595.0,1.0,0.0,0.2965995695852759
1900-01-01 07:40:01,48,23,80,596.0,-1.0,-2.0,0.0
1900-01-01 07:40:02,47,27,80,597.0,0.0,1.0,0.0
1900-01-01 07:40:03,49,31,80,598.0,0.0,0.0,0.0
1900-01-01 07:40:04,50,33,79,599.0,-1.0,-1.0,0.0
1900-01-01 07:40:05,51,31,80,600.0,1.0,2.0,0.14854695087176825
1900-01-01 07:40:06,51,30,80,601.0,0.0,-1.0,0.0
1900-01-01 07:40:07,49,29,80,602.0,0.0,0.0,0.0
1900-01-01 07:40:08,50,30,81,603.0,1.0,1.0,0.14854695087176825
1900-01-01 07:40:09,51,31,81,604.0,0.0,-1.0,0.0
1900-01-01 07:40:10,51,34,81,605.0,0.0,0.0,0.0
1900-01-01 07:40:11,52,32,81,606.0,0.0,0.0,0.0
1900-01-01 07:40:12,51,29,81,607.0,0.0,0.0,0.0
1900-01-01 07:40:13,51,25,82,608.0,1.0,1.0,0.14854695087176825
1900-01-01 07:40:14,51,26,82,609.0,0.0,-1.0,0.0
1900-01-01 07:40:15,51,26,82,610.0,0.0,0.0,0.0
1900-01-01 07:40:16,52,28,81,611.0,-1.0,-1.0,0.0
1900-01-01 07:40:17,50,27,81,612.0,0.0,1.0,0.0
1900-01-01 07:40:18,50,26,81,613.0,0.0,0.0,0.0
1900-01-01 07:40:19,51,30,81,614.0,0.0,0.0,0.0
1900-01-01 07:40:20,52,34,81,615.0,0.0,0.0,0.0
1900-01-01 07:40:21,53,36,81,616.0,0.0,0.0,0.0
1900-01-01 07:40:22,54,32,82,617.0,1.0,1.0,0.14854695087176825
1900-01-01 07:40:23,54,31,82,618.0,0.0,-1.0,0.0
1900-01-01 07:40:24,54,30,82,619.0,0.0,0.0,0.0
1900-01-01 07:40:25,54,30,83,620.0,1.0,1.0,0.14854695087176825
1900-01-01 07:40:26,54,28,83,621.0,0.0,-1.0,0.0
1900-01-01 07:40:27,53,29,83,622.0,0.0,0.0,0.0
1900-01-01 07:40:28,52,28,82,623.0,-1.0,-1.0,0.0
1900-01-01 07:40:29,53,32,82,624.0,0.0,1.0,0.0
1900-01-01 07:40:30,54,32,83,625.0,1.0,1.0,0.14854695087176825
1900-01-01 07:40:31,55,36,83,626.0,0.0,-1.0,0.0
1900-01-01 07:40:32,55,37,83,627.0,0.0,0.0,0.0
1900-01-01 07:40:33,54,32,83,628.0,0.0,0.0,0.0
1900-01-01 07:40:34,54,28,82,629.0,-1.0,-1.0,0.0
1900-01-01 07:40:35,54,25,82,630.0,0.0,1.0,0.0
1900-01-01 07:40:36,53,27,82,631.0,0.0,0.0,0.0
1900-01-01 07:40:37,53,27,81,632.0,-1.0,-1.0,0.0
1900-01-01 07:40:38,53,29,81,633.0,0.0,1.0,0.0
1900-01-01 07:40:39,53,28,82,634.0,1.0,1.0,0.14854695087176825
1900-01-01 07:40:40,53,29,81,635.0,-1.0,-2.0,0.0
1900-01-01 07:40:41,53,29,82,636.0,1.0,2.0,0.14854695087176825
1900-01-01 07:40:42,53,31,82,637.0,0.0,-1.0,0.0
1900-01-01 07:40:43,52,33,81,638.0,-1.0,-1.0,0.0
1900-01-01 07:40:44,53,35,82,639.0,1.0,2.0,0.14854695087176825
1900-01-01 07:40:45,54,33,81,640.0,-1.0,-2.0,0.0
1900-01-01 07:40:46,54,33,81,641.0,0.0,1.0,0.0
1900-01-01 07:40:47,54,32,80,642.0,-1.0,-1.0,0.0
1900-01-01 07:40:48,53,29,80,643.0,0.0,1.0,0.0
1900-01-01 07:40:49,53,29,80,644.0,0.0,0.0,0.0
1900-01-01 07:40:50,53,29,81,645.0,1.0,1.0,0.14854695087176825
1900-01-01 07:40:51,54,30,81,646.0,0.0,-1.0,0.0
1900-01-01 07:40:52,54,30,81,647.0,0.0,0.0,0.0
1900-01-01 07:40:53,53,30,81,648.0,0.0,0.0,0.0
1900-01-01 07:40:54,54,29,80,649.0,-1.0,-1.0,0.0
1900-01-01 07:40:55,54,29,80,650.0,0.0,1.0,0.0
1900-01-01 07:40:56,53,28,80,651.0,0.0,0.0,0.0
1900-01-01 07:40:57,53,29,79,652.0,-1.0,-1.0,0.0
1900-01-01 07:40:58,52,28,80,653.0,1.0,2.0,0.14854695087176825
1900-01-01 07:40:59,53,28,80,654.0,0.0,-1.0,0.0
1900-01-01 07:41:00,54,28,81,655.0,1.0,1.0,0.14854695087176825
1900-01-01 07:41:01,54,32,81,656.0,0.0,-1.0,0.0
1900-01-01 07:41:02,54,27,81,657.0,0.0,0.0,0.0
1900-01-01 07:41:03,54,22,80,658.0,-1.0,-1.0,0.0
1900-01-01 07:41:04,54,19,80,659.0,0.0,1.0,0.0
1900-01-01 07:41:05,53,25,79,660.0,-1.0,-1.0,0.0
1900-01-01 07:41:06,52,28,79,661.0,0.0,1.0,0.0
1900-01-01 07:41:07,54,31,79,662.0,0.0,0.0,0.0
1900-01-01 07:41:08,54,33,80,663.0,1.0,1.0,0.14854695087176825
1900-01-01 07:41:09,54,32,81,664.0,1.0,0.0,0.2965995695852759
1900-01-01 07:41:10,53,33,82,665.0,1.0,0.0,0.44415950117114295
1900-01-01 07:41:11,53,35,82,666.0,0.0,-1.0,0.0
1900-01-01 07:41:12,54,36,82,667.0,0.0,0.0,0.0
1900-01-01 07:41:13,55,34,83,668.0,1.0,1.0,0.14854695087176825
1900-01-01 07:41:14,55,33,81,669.0,-2.0,-3.0,0.0
1900-01-01 07:41:15,57,72,81,670.0,0.0,2.0,0.0
1900-01-01 07:41:16,60,177,82,671.0,1.0,1.0,0.14854695087176825
1900-01-01 07:41:17,75,373,80,672.0,-2.0,-3.0,0.0
1900-01-01 07:41:18,97,472,75,673.0,-5.0,-3.0,0.0
1900-01-01 07:41:19,112,364,69,674.0,-6.0,-1.0,0.0
1900-01-01 07:41:20,102,334,57,675.0,-12.0,-6.0,0.0
1900-01-01 07:41:21,104,588,45,676.0,-12.0,0.0,0.0
1900-01-01 07:41:22,114,514,34,677.0,-11.0,1.0,0.0
1900-01-01 07:41:23,122,462,26,678.0,-8.0,3.0,0.0
1900-01-01 07:41:24,121,515,18,679.0,-8.0,0.0,0.0
1900-01-01 07:41:25,116,525,13,680.0,-5.0,3.0,0.0
1900-01-01 07:41:26,120,477,11,681.0,-2.0,3.0,0.0
1900-01-01 07:41:27,122,450,9,682.0,-2.0,0.0,0.0
1900-01-01 07:41:28,124,532,9,683.0,0.0,2.0,0.0
1900-01-01 07:41:29,118,504,8,684.0,-1.0,-1.0,0.0
1900-01-01 07:41:30,119,492,8,685.0,0.0,1.0,0.0
1900-01-01 07:41:31,121,464,8,686.0,0.0,0.0,0.0
1900-01-01 07:41:32,122,373,7,687.0,-1.0,-1.0,0.0
1900-01-01 07:41:33,122,560,7,688.0,0.0,1.0,0.0
1900-01-01 07:41:34,114,525,8,689.0,1.0,1.0,0.14854695087176825
1900-01-01 07:41:35,115,485,8,690.0,0.0,-1.0,0.0
1900-01-01 07:41:36,116,479,8,691.0,0.0,0.0,0.0
1900-01-01 07:41:37,116,459,7,692.0,-1.0,-1.0,0.0
1900-01-01 07:41:38,116,439,7,693.0,0.0,1.0,0.0
1900-01-01 07:41:39,116,423,6,694.0,-1.0,-1.0,0.0
1900-01-01 07:41:40,114,399,7,695.0,1.0,2.0,0.14854695087176825
1900-01-01 07:41:41,115,407,8,696.0,1.0,0.0,0.2965995695852759
1900-01-01 07:41:42,114,347,7,697.0,-1.0,-2.0,0.0
1900-01-01 07:41:43,113,366,6,698.0,-1.0,0.0,0.0
1900-01-01 07:41:44,112,337,7,699.0,1.0,2.0,0.14854695087176825
1900-01-01 07:41:45,110,361,8,700.0,1.0,0.0,0.2965995695852759
1900-01-01 07:41:46,110,293,8,701.0,0.0,-1.0,0.0
1900-01-01 07:41:47,109,320,8,702.0,0.0,0.0,0.0
1900-01-01 07:41:48,107,251,8,703.0,0.0,0.0,0.0
1900-01-01 07:41:49,116,368,7,704.0,-1.0,-1.0,0.0
1900-01-01 07:41:50,117,264,7,705.0,0.0,1.0,0.0
1900-01-01 07:41:51,116,365,7,706.0,0.0,0.0,0.0
1900-01-01 07:41:52,116,354,6,707.0,-1.0,-1.0,0.0
1900-01-01 07:41:53,116,311,6,708.0,0.0,1.0,0.0
1900-01-01 07:41:54,116,319,6,709.0,0.0,0.0,0.0
1900-01-01 07:41:55,116,318,8,710.0,2.0,2.0,0.14854695087176825
1900-01-01 07:41:56,114,317,8,711.0,0.0,-2.0,0.0
1900-01-01 07:41:57,115,310,8,712.0,0.0,0.0,0.0
1900-01-01 07:41:58,115,290,6,713.0,-2.0,-2.0,0.0
1900-01-01 07:41:59,114,347,6,714.0,0.0,2.0,0.0
1900-01-01 07:42:00,114,314,6,715.0,0.0,0.0,0.0
1900-01-01 07:42:01,112,303,8,716.0,2.0,2.0,0.14854695087176825
1900-01-01 07:42:02,113,285,8,717.0,0.0,-2.0,0.0
1900-01-01 07:42:03,106,293,9,718.0,1.0,1.0,0.14854695087176825
1900-01-01 07:42:04,106,269,8,719.0,-1.0,-2.0,0.0
1900-01-01 07:42:05,105,267,8,720.0,0.0,1.0,0.0
1900-01-01 07:42:06,104,256,9,721.0,1.0,1.0,0.14854695087176825
1900-01-01 07:42:07,103,246,9,722.0,0.0,-1.0,0.0
1900-01-01 07:42:08,103,246,7,723.0,-2.0,-2.0,0.0
1900-01-01 07:42:09,101,253,8,724.0,1.0,3.0,0.14854695087176825
1900-01-01 07:42:10,101,264,8,725.0,0.0,-1.0,0.0
1900-01-01 07:42:11,101,249,8,726.0,0.0,0.0,0.0
1900-01-01 07:42:12,101,262,9,727.0,1.0,1.0,0.14854695087176825
1900-01-01 07:42:13,100,257,9,728.0,0.0,-1.0,0.0
1900-01-01 07:42:14,99,248,9,729.0,0.0,0.0,0.0
1900-01-01 07:42:15,100,245,8,730.0,-1.0,-1.0,0.0
1900-01-01 07:42:16,99,259,10,731.0,2.0,3.0,0.14854695087176825
1900-01-01 07:42:17,99,263,9,732.0,-1.0,-3.0,0.0
1900-01-01 07:42:18,99,263,9,733.0,0.0,1.0,0.0
1900-01-01 07:42:19,99,291,10,734.0,1.0,1.0,0.14854695087176825
1900-01-01 07:42:20,100,259,10,735.0,0.0,-1.0,0.0
1900-01-01 07:42:21,100,258,9,736.0,-1.0,-1.0,0.0
1900-01-01 07:42:22,99,245,10,737.0,1.0,2.0,0.14854695087176825
1900-01-01 07:42:23,99,231,11,738.0,1.0,0.0,0.2965995695852759
1900-01-01 07:42:24,97,211,10,739.0,-1.0,-2.0,0.0
1900-01-01 07:42:25,97,265,10,740.0,0.0,1.0,0.0
1900-01-01 07:42:26,98,264,10,741.0,0.0,0.0,0.0
1900-01-01 07:42:27,98,292,10,742.0,0.0,0.0,0.0
1900-01-01 07:42:28,98,256,11,743.0,1.0,1.0,0.14854695087176825
1900-01-01 07:42:29,97,272,12,744.0,1.0,0.0,0.2965995695852759
1900-01-01 07:42:30,98,247,11,745.0,-1.0,-2.0,0.0
1900-01-01 07:42:31,98,238,11,746.0,0.0,1.0,0.0
1900-01-01 07:42:32,97,251,12,747.0,1.0,1.0,0.14854695087176825
1900-01-01 07:42:33,98,259,11,748.0,-1.0,-2.0,0.0
1900-01-01 07:42:34,96,248,13,749.0,2.0,3.0,0.14854695087176825
1900-01-01 07:42:35,97,266,11,750.0,-2.0,-4.0,0.0
1900-01-01 07:42:36,97,261,12,751.0,1.0,3.0,0.14854695087176825
1900-01-01 07:42:37,97,257,12,752.0,0.0,-1.0,0.0
1900-01-01 07:42:38,98,267,11,753.0,-1.0,-1.0,0.0
1900-01-01 07:42:39,97,273,10,754.0,-1.0,0.0,0.0
1900-01-01 07:42:40,98,259,12,755.0,2.0,3.0,0.14854695087176825
1900-01-01 07:42:41,98,258,11,756.0,-1.0,-3.0,0.0
1900-01-01 07:42:42,98,257,12,757.0,1.0,2.0,0.14854695087176825
1900-01-01 07:42:43,98,246,12,758.0,0.0,-1.0,0.0
1900-01-01 07:42:44,98,268,13,759.0,1.0,1.0,0.14854695087176825
1900-01-01 07:42:45,97,284,12,760.0,-1.0,-2.0,0.0
1900-01-01 07:42:46,98,262,15,761.0,3.0,4.0,0.14854695087176825
1900-01-01 07:42:47,99,247,13,762.0,-2.0,-5.0,0.0
1900-01-01 07:42:48,98,252,14,763.0,1.0,3.0,0.14854695087176825
1900-01-01 07:42:49,98,250,15,764.0,1.0,0.0,0.2965995695852759
1900-01-01 07:42:50,96,247,12,765.0,-3.0,-4.0,0.0
1900-01-01 07:42:51,97,230,13,766.0,1.0,4.0,0.14854695087176825
1900-01-01 07:42:52,96,232,15,767.0,2.0,1.0,0.2965995695852759
1900-01-01 07:42:53,96,209,12,768.0,-3.0,-5.0,0.0
1900-01-01 07:42:54,95,200,16,769.0,4.0,7.0,0.14854695087176825
1900-01-01 07:42:55,93,195,11,770.0,-5.0,-9.0,0.0
1900-01-01 07:42:56,93,227,13,771.0,2.0,7.0,0.14854695087176825
1900-01-01 07:42:57,93,209,12,772.0,-1.0,-3.0,0.0
1900-01-01 07:42:58,92,235,12,773.0,0.0,1.0,0.0
1900-01-01 07:42:59,92,217,15,774.0,3.0,3.0,0.14854695087176825
1900-01-01 07:43:00,91,214,14,775.0,-1.0,-4.0,0.0
1900-01-01 07:43:01,92,222,15,776.0,1.0,2.0,0.14854695087176825
1900-01-01 07:43:02,92,200,12,777.0,-3.0,-4.0,0.0
1900-01-01 07:43:03,92,206,16,778.0,4.0,7.0,0.14854695087176825
1900-01-01 07:43:04,91,211,13,779.0,-3.0,-7.0,0.0
1900-01-01 07:43:05,90,212,16,780.0,3.0,6.0,0.14854695087176825
1900-01-01 07:43:06,91,195,12,781.0,-4.0,-7.0,0.0
1900-01-01 07:43:07,91,206,15,782.0,3.0,7.0,0.14854695087176825
1900-01-01 07:43:08,91,217,13,783.0,-2.0,-5.0,0.0
1900-01-01 07:43:09,91,239,15,784.0,2.0,4.0,0.14854695087176825
1900-01-01 07:43:10,90,206,15,785.0,0.0,-2.0,0.0
1900-01-01 07:43:11,91,212,13,786.0,-2.0,-2.0,0.0
1900-01-01 07:43:12,91,209,16,787.0,3.0,5.0,0.14854695087176825
1900-01-01 07:43:13,90,206,15,788.0,-1.0,-4.0,0.0
1900-01-01 07:43:14,90,200,16,789.0,1.0,2.0,0.14854695087176825
1900-01-01 07:43:15,89,198,16,790.0,0.0,-1.0,0.0
1900-01-01 07:43:16,89,218,16,791.0,0.0,0.0,0.0
1900-01-01 07:43:17,90,196,13,792.0,-3.0,-3.0,0.0
1900-01-01 07:43:18,89,210,17,793.0,4.0,7.0,0.14854695087176825
1900-01-01 07:43:19,90,245,15,794.0,-2.0,-6.0,0.0
1900-01-01 07:43:20,89,216,18,795.0,3.0,5.0,0.14854695087176825
1900-01-01 07:43:21,91,209,13,796.0,-5.0,-8.0,0.0
1900-01-01 07:43:22,90,209,17,797.0,4.0,9.0,0.14854695087176825
1900-01-01 07:43:23,90,218,15,798.0,-2.0,-6.0,0.0
1900-01-01 07:43:24,91,209,16,799.0,1.0,3.0,0.14854695087176825
1900-01-01 07:43:25,90,198,14,800.0,-2.0,-3.0,0.0
1900-01-01 07:43:26,91,219,14,801.0,0.0,2.0,0.0
1900-01-01 07:43:27,91,237,16,802.0,2.0,2.0,0.14854695087176825
1900-01-01 07:43:28,91,216,16,803.0,0.0,-2.0,0.0
1900-01-01 07:43:29,91,226,18,804.0,2.0,2.0,0.14854695087176825
1900-01-01 07:43:30,90,196,15,805.0,-3.0,-5.0,0.0
1900-01-01 07:43:31,91,214,17,806.0,2.0,5.0,0.14854695087176825
1900-01-01 07:43:32,91,215,13,807.0,-4.0,-6.0,0.0
1900-01-01 07:43:33,91,218,16,808.0,3.0,7.0,0.14854695087176825
1900-01-01 07:43:34,92,217,13,809.0,-3.0,-6.0,0.0
1900-01-01 07:43:35,91,234,14,810.0,1.0,4.0,0.14854695087176825
1900-01-01 07:43:36,92,233,16,811.0,2.0,1.0,0.2965995695852759
1900-01-01 07:43:37,92,253,15,812.0,-1.0,-3.0,0.0
1900-01-01 07:43:38,93,245,16,813.0,1.0,2.0,0.14854695087176825
1900-01-01 07:43:39,94,253,13,814.0,-3.0,-4.0,0.0
1900-01-01 07:43:40,93,216,17,815.0,4.0,7.0,0.14854695087176825
1900-01-01 07:43:41,93,237,17,816.0,0.0,-4.0,0.0
1900-01-01 07:43:42,93,225,16,817.0,-1.0,-1.0,0.0
1900-01-01 07:43:43,93,222,19,818.0,3.0,4.0,0.14854695087176825
1900-01-01 07:43:44,93,229,14,819.0,-5.0,-8.0,0.0
1900-01-01 07:43:45,92,239,18,820.0,4.0,9.0,0.14854695087176825
1900-01-01 07:43:46,93,241,17,821.0,-1.0,-5.0,0.0
1900-01-01 07:43:47,93,232,16,822.0,-1.0,0.0,0.0
1900-01-01 07:43:48,94,217,18,823.0,2.0,3.0,0.14854695087176825
1900-01-01 07:43:49,94,244,16,824.0,-2.0,-4.0,0.0
1900-01-01 07:43:50,93,239,17,825.0,1.0,3.0,0.14854695087176825
1900-01-01 07:43:51,94,220,16,826.0,-1.0,-2.0,0.0
1900-01-01 07:43:52,94,211,17,827.0,1.0,2.0,0.14854695087176825
1900-01-01 07:43:53,94,219,19,828.0,2.0,1.0,0.2965995695852759
1900-01-01 07:43:54,94,217,14,829.0,-5.0,-7.0,0.0
1900-01-01 07:43:55,92,224,16,830.0,2.0,7.0,0.14854695087176825
1900-01-01 07:43:56,94,258,14,831.0,-2.0,-4.0,0.0
1900-01-01 07:43:57,94,245,14,832.0,0.0,2.0,0.0
1900-01-01 07:43:58,95,237,16,833.0,2.0,2.0,0.14854695087176825
1900-01-01 07:43:59,95,278,13,834.0,-3.0,-5.0,0.0
1900-01-01 07:44:00,95,255,14,835.0,1.0,4.0,0.14854695087176825
1900-01-01 07:44:01,97,261,16,836.0,2.0,1.0,0.2965995695852759
1900-01-01 07:44:02,97,235,13,837.0,-3.0,-5.0,0.0
1900-01-01 07:44:03,97,247,16,838.0,3.0,6.0,0.14854695087176825
1900-01-01 07:44:04,97,245,16,839.0,0.0,-3.0,0.0
1900-01-01 07:44:05,96,245,16,840.0,0.0,0.0,0.0
1900-01-01 07:44:06,96,225,18,841.0,2.0,2.0,0.14854695087176825
1900-01-01 07:44:07,96,237,14,842.0,-4.0,-6.0,0.0
1900-01-01 07:44:08,95,245,16,843.0,2.0,6.0,0.14854695087176825
1900-01-01 07:44:09,95,283,17,844.0,1.0,-1.0,0.2965995695852759
1900-01-01 07:44:10,95,257,13,845.0,-4.0,-5.0,0.0
1900-01-01 07:44:11,97,244,15,846.0,2.0,6.0,0.14854695087176825
1900-01-01 07:44:12,96,258,16,847.0,1.0,-1.0,0.2965995695852759
1900-01-01 07:44:13,96,246,18,848.0,2.0,1.0,0.44415950117114295
1900-01-01 07:44:14,96,253,19,849.0,1.0,-1.0,0.5912283851856829
1900-01-01 07:44:15,95,190,20,850.0,1.0,0.0,0.7378078557291201
1900-01-01 07:44:16,95,0,24,851.0,4.0,3.0,0.8838995414637464
